Store Name,Address,City,State,Zip,Phone,Hours
"Sam's Club Apopka","1500 S. Orange Blossom Trail","Apopka","FL","32703","(407) 553-4127","Sun–Sat 9AM–8PM"
"Sam's Club Bradenton","5300 30th St E","Bradenton","FL","34203","(941) 739-2130","Sun–Sat 9AM–8PM"
"Sam's Club Brandon","2021 W Brandon Blvd","Brandon","FL","33511","(813) 685-8223","Sun–Sat 9AM–8PM"
"Sam's Club Brooksville","13360 Cortez Blvd","Brooksville","FL","34613","(352) 592-4737","Sun–Sat 9AM–8PM"
"Sam's Club Cape Coral","301 SW Pine Island Road","Cape Coral","FL","33991","(239) 800-6028","Sun–Sat 9AM–8PM"
"Sam's Club Clearwater","2575 Gulf To Bay Blvd","Clearwater","FL","33765","(727) 791-8081","Sun–Sat 9AM–8PM"
"Sam's Club Cocoa","450 Townsend Rd","Cocoa","FL","32926","(321) 639-0124","Sun–Sat 9AM–8PM"
"Sam's Club Coral Springs","950 N University Dr","Coral Springs","FL","33071","(954) 345-3443","Sun–Sat 9AM–8PM"
"Sam's Club Daytona Beach","1460 Cornerstone Blvd.","Daytona Beach","FL","32117","(386) 760-3330","Sun–Sat 9AM–8PM"
"Sam's Club Fort Myers","5170 S Cleveland Ave","Fort Myers","FL","33907","(239) 939-2442","Sun–Sat 9AM–8PM"
"Sam's Club Fort Walton Beach","740 Beal Pkwy NW","Fort Walton Beach","FL","32547","(850) 862-5330","Sun–Sat 9AM–8PM"
"Sam's Club Gainesville","4001 SW 30th Pl","Gainesville","FL","32608","(352) 375-8853","Sun–Sat 9AM–8PM"
"Sam's Club Jacksonville (Busch Dr)","300 Busch Dr","Jacksonville","FL","32218","(904) 696-8842","Sun–Sat 9AM–8PM"
"Sam's Club Jacksonville (Beach Blvd)","10690 Beach Blvd","Jacksonville","FL","32246","(904) 928-0017","Sun–Sat 9AM–8PM"
"Sam's Club Jacksonville (Youngerman Cir)","6373 Youngerman Cir","Jacksonville","FL","32244","(904) 573-9702","Sun–Sat 9AM–8PM"
"Sam's Club Kissimmee","4763 West Irlo Bronson Mem Hwy","Kissimmee","FL","34746","(407) 397-9910","Sun–Sat 9AM–8PM"
"Sam's Club Lady Lake","755 N. Hwy 27/441","Lady Lake","FL","32159","(352) 751-5150","Sun–Sat 9AM–8PM"
"Sam's Club Lakeland (Highlands Rd)","3530 Lakeland Highlands Rd","Lakeland","FL","33803","(863) 644-4730","Sun–Sat 9AM–8PM"
"Sam's Club Lakeland (US Hwy 98)","4600 US Highway 98 N","Lakeland","FL","33809","(863) 853-2654","Sun–Sat 9AM–8PM"
"Sam's Club Melbourne","4255 W New Haven Ave","Melbourne","FL","32904","(321) 768-8190","Sun–Sat 9AM–8PM"
"Sam's Club Miami","8425 NW 13th Ter","Miami","FL","33126","(305) 463-9384","Sun–Sat 9AM–8PM"
"Sam's Club Miramar","1900 S University Dr","Miramar","FL","33025","(954) 433-8867","Sun–Sat 9AM–8PM"
"Sam's Club Naples","2550 Immokalee Rd","Naples","FL","34110","(239) 592-6670","Sun–Sat 9AM–8PM"
"Sam's Club New Port Richey","4330 US 19","New Port Richey","FL","34652","(727) 846-7300","Sun–Sat 9AM–8PM"
"Sam's Club Ocala","3921 SW College Rd","Ocala","FL","34474","(352) 873-0500","Sun–Sat 9AM–8PM"
"Sam's Club Orlando (E Colonial Dr)","7701 E Colonial Dr","Orlando","FL","32807","(407) 384-7570","Sun–Sat 9AM–8PM"
"Sam's Club Orlando (S Orange Blossom Trl)","9498 S Orange Blossom Trl","Orlando","FL","32837","(407) 859-9056","Sun–Sat 9AM–8PM"
"Sam's Club Orlando (W Colonial Dr)","7810 W Colonial Dr","Orlando","FL","32818","(407) 532-5212","Sun–Sat 9AM–8PM"
"Sam's Club Orlando (Narcoossee Rd)","11920 Narcoossee Rd","Orlando","FL","32832","(407) 204-8629","Sun–Sat 9AM–8PM"
"Sam's Club Panama City","1707 W 23rd St","Panama City","FL","32405","(850) 769-2222","Sun–Sat 9AM–8PM"
"Sam's Club Pensacola","1250 Airport Blvd","Pensacola","FL","32504","(850) 484-7508","Sun–Sat 9AM–8PM"
"Sam's Club Pinellas Park","7001 Park Blvd","Pinellas Park","FL","33781","(727) 547-8955","Sun–Sat 9AM–8PM"
"Sam's Club Port Charlotte","17700 Murdock Cir","Port Charlotte","FL","33948","(941) 255-5556","Sun–Sat 9AM–8PM"
"Sam's Club Port St Lucie (US Hwy 1)","10900 S US Highway 1","Port St Lucie","FL","34952","(772) 335-3225","Sun–Sat 9AM–8PM"
"Sam's Club Port St Lucie (Gatlin Blvd)","1750 SW Gatlin Blvd","Port St Lucie","FL","34953","(772) 878-4881","Sun–Sat 9AM–8PM"
"Sam's Club Riverview","10385 Big Bend Rd","Riverview","FL","33578","(813) 371-2394","Sun–Sat 9AM–8PM"
"Sam's Club Sanford","1101 Rinehart Rd","Sanford","FL","32771","(407) 302-8355","Sun–Sat 9AM–8PM"
"Sam's Club Sarasota","300 N Cattlemen Rd","Sarasota","FL","34232","(941) 341-9274","Sun–Sat 9AM–8PM"
"Sam's Club St Petersburg","1725 34th St N","St Petersburg","FL","33713","(727) 369-0511","Sun–Sat 9AM–8PM"
"Sam's Club Sunrise","13550 W Sunrise Blvd","Sunrise","FL","33323","(954) 846-7001","Sun–Sat 9AM–8PM"
"Sam's Club Tallahassee","3122 Dick Wilson Blvd","Tallahassee","FL","32301","(850) 671-5959","Sun–Sat 9AM–8PM"
"Sam's Club Tampa (S Dale Mabry)","5135 S Dale Mabry Highway","Tampa","FL","33611","(813) 805-6602","Sun–Sat 9AM–8PM"
"Sam's Club Tampa (N Dale Mabry)","15835 North Dale Mabry","Tampa","FL","33618","(813) 960-2110","Sun–Sat 9AM–8PM"
"Sam's Club Vero Beach","5565 20th St","Vero Beach","FL","32966","(772) 978-9385","Sun–Sat 9AM–8PM"
"Sam's Club Wesley Chapel","27727 State Road 56","Wesley Chapel","FL","33544","(813) 929-7010","Sun–Sat 9AM–8PM"
"Sam's Club West Palm Beach","4295 45th St","West Palm Beach","FL","33407","(561) 687-0098","Sun–Sat 9AM–8PM"
"Sam's Club Albany","1201 N Westover Blvd","Albany","GA","31707","(229) 888-3400","Sun–Sat 9AM–8PM"
"Sam's Club Alpharetta","10600 Davis Dr","Alpharetta","GA","30009","(770) 992-4568","Sun–Sat 9AM–8PM"
"Sam's Club Athens","4365 Atlanta Hwy","Athens","GA","30606","(706) 548-3666","Sun–Sat 9AM–8PM"
"Sam's Club Atlanta","2901 Clairmont Rd NE","Atlanta","GA","30329","(404) 325-4000","Sun–Sat 9AM–8PM"
"Sam's Club Augusta","280 Bobby Jones Expy","Augusta","GA","30907","(706) 863-7846","Sun–Sat 9AM–8PM"
"Sam's Club Brunswick","10100 Canal Crossing","Brunswick","GA","31525","(912) 602-6815","Sun–Sat 9AM–8PM"
"Sam's Club Buford","3383 Buford Dr","Buford","GA","30519","(770) 831-7122","Sun–Sat 9AM–8PM"
"Sam's Club Columbus","5448 A Whittlesey Blvd.","Columbus","GA","31909","(706) 649-6799","Sun–Sat 9AM–8PM"
"Sam's Club Douglasville","6995 Concourse Pkwy","Douglasville","GA","30134","(770) 489-6167","Sun–Sat 9AM–8PM"
"Sam's Club Duluth","3450 Steve Reynolds Blvd","Duluth","GA","30096","(770) 497-1165","Sun–Sat 9AM–8PM"
"Sam's Club Hiram","4798 Jimmy Lee Smith Pkwy","Hiram","GA","30141","(678) 567-5990","Sun–Sat 9AM–8PM"
"Sam's Club Macon","4701 Log Cabin Dr","Macon","GA","31204","(478) 788-6121","Sun–Sat 9AM–8PM"
"Sam's Club Marietta","150 Cobb Pkwy S","Marietta","GA","30060","(770) 423-7018","Sun–Sat 9AM–8PM"
"Sam's Club McDonough","1765 Jonesboro Rd","Mcdonough","GA","30253","(770) 914-0488","Sun–Sat 9AM–8PM"
"Sam's Club Morrow","7325 Jonesboro Rd","Morrow","GA","30260","(770) 960-8228","Sun–Sat 9AM–8PM"
"Sam's Club Oakwood","3839 Mundy Mill Rd","Oakwood","GA","30566","(770) 532-8884","Sun–Sat 9AM–8PM"
"Sam's Club Pooler","15 Mill Creek Cir","Pooler","GA","31322","(912) 748-3767","Sun–Sat 9AM–8PM"
"Sam's Club Rome","2550 Redmond Cir NW","Rome","GA","30165","(706) 236-9765","Sun–Sat 9AM–8PM"
"Sam's Club Savannah","1975 E Montgomery Xrd","Savannah","GA","31406","(912) 352-3330","Sun–Sat 9AM–8PM"
"Sam's Club Sharpsburg","310 Fischer Rd","Sharpsburg","GA","30277","(770) 304-0346","Sun–Sat 9AM–8PM"
"Sam's Club Snellville","1520 Scenic Hwy N","Snellville","GA","30078","(770) 979-0492","Sun–Sat 9AM–8PM"
"Sam's Club Tucker","1940 Mountain Industrial Blvd","Tucker","GA","30084","(770) 908-8408","Sun–Sat 9AM–8PM"
"Sam's Club Valdosta","450 Norman Dr","Valdosta","GA","31601","(229) 244-3939","Sun–Sat 9AM–8PM"
"Sam's Club Woodstock","9464 Main Street","Woodstock","GA","30188","(678) 402-0541","Sun–Sat 9AM–8PM"
